Workbook

Sheet 결과 요약
B2: failure direction | G2: link failure latitude (0~53)
B3: up | C3: down | D3: left | E3: right | G3: 0~10 | H3: 10~20 | I3: 20~30 | J3: 30~40 | K3: 40~50 | L3: 50~53
B4: =COUNTIF(#REF!,"up") -> #REF! | C4: =COUNTIF(#REF!,"down") -> #REF! | D4: =COUNTIF(#REF!,"left") -> #REF! | E4: =COUNTIF(#REF!,"right") -> #REF! | G4: {=SUMPRODUCT(--(ABS(#REF!)<10))} -> #REF! | H4: {=SUMPRODUCT(--(ABS(#REF!)<20))} -> #REF! | I4: {=SUMPRODUCT(--(ABS(#REF!)<30))} -> #REF! | J4: {=SUMPRODUCT(--(ABS(#REF!)<40))} -> #REF! | K4: {=SUMPRODUCT(--(ABS(#REF!)<50))-J4} -> #REF! | L4: {=SUMPRODUCT(--(ABS(#REF!)<53))-K4} -> #REF!

Sheet result0 0008
A1: index | B1: source | C1: destination | D1: hops | E1: fail count | F1: delay
A2: 0 | B2: SAT-30-3 | C2: SAT-11-12 | D2: 29 | E2: 0 | F2: 82.5175
A3: 1 | B3: SAT-11-11 | C3: SAT-9-3 | D3: 11 | E3: 0 | F3: 54.996499 | I3: meann delay | J3: mean fail count | K3: mean hops
A4: 2 | B4: SAT-44-1 | C4: SAT-42-9 | D4: 11 | E4: 0 | F4: 54.996499 | I4: =AVERAGE(F:F) -> 134.19967 | J4: =AVERAGE(E:E) -> 6.709 | K4: =AVERAGE(D:D) -> 34.236
A5: 3 | B5: SAT-40-12 | C5: SAT-13-7 | D5: 33 | E5: 0 | F5: 85.778824
A6: 4 | B6: SAT-0-6 | C6: SAT-37-6 | D6: 36 | E6: 0 | F6: 43.141811
A7: 5 | B7: SAT-54-9 | C7: SAT-28-3 | D7: 137 | E7: 58 | F7: 773.28039
A8: 6 | B8: SAT-42-10 | C8: SAT-30-3 | D8: 20 | E8: 0 | F8: 69.501417
A9: 7 | B9: SAT-13-7 | C9: SAT-12-18 | D9: 19 | E9: 5 | F9: 113.59029
A10: 8 | B10: SAT-17-1 | C10: SAT-16-18 | D10: 19 | E10: 6 | F10: 113.58952
A11: 9 | B11: SAT-44-1 | C11: SAT-37-6 | D11: 21 | E11: 5 | F11: 99.092952
A12: 10 | B12: SAT-29-15 | C12: SAT-17-1 | D12: 21 | E12: 1 | F12: 67.330533
A13: 11 | B13: SAT-70-14 | C13: SAT-40-12 | D13: 33 | E13: 1 | F13: 67.550093
A14: 12 | B14: SAT-9-3 | C14: SAT-42-10 | D14: 41 | E14: 1 | F14: 91.555167
A15: 13 | B15: SAT-16-18 | C15: SAT-54-9 | D15: 44 | E15: 1 | F15: 101.02895
A16: 14 | B16: SAT-37-6 | C16: SAT-53-5 | D16: 20 | E16: 1 | F16: 41.803618
... A1001: 999 | B1001: SAT-32-5 | C1001: SAT-53-4 | D1001: 29 | E1001: 4 | F1001: 84.970188

Sheet result0 0009
A1: index | B1: source | C1: destination | D1: hops | E1: fail count | F1: delay
A2: 0 | B2: SAT-61-19 | C2: SAT-37-1 | D2: 29 | E2: 0 | F2: 64.777642
A3: 1 | B3: SAT-35-2 | C3: SAT-63-7 | D3: 34 | E3: 0 | F3: 83.661172 | I3: meann delay | J3: mean fail count | K3: mean hops
A4: 2 | B4: SAT-12-3 | C4: SAT-58-19 | D4: 33 | E4: 0 | F4: 81.11979 | I4: =AVERAGE(F:F) -> 110.75189 | J4: =AVERAGE(E:E) -> 4.619 | K4: =AVERAGE(D:D) -> 31.065
A5: 3 | B5: SAT-68-16 | C5: SAT-2-10 | D5: 13 | E5: 0 | F5: 46.794179
A6: 4 | B6: SAT-10-8 | C6: SAT-66-0 | D6: 25 | E6: 0 | F6: 78.20593
A7: 5 | B7: SAT-9-8 | C7: SAT-71-21 | D7: 20 | E7: 6 | F7: 77.243843
A8: 6 | B8: SAT-10-8 | C8: SAT-37-1 | D8: 35 | E8: 3 | F8: 94.959542
A9: 7 | B9: SAT-35-2 | C9: SAT-12-12 | D9: 34 | E9: 4 | F9: 107.43284
A10: 8 | B10: SAT-61-8 | C10: SAT-68-16 | D10: 16 | E10: 1 | F10: 65.243487
A11: 9 | B11: SAT-30-20 | C11: SAT-12-3 | D11: 36 | E11: 6 | F11: 144.31751
A12: 10 | B12: SAT-9-8 | C12: SAT-66-0 | D12: 24 | E12: 1 | F12: 73.30042
A13: 11 | B13: SAT-25-2 | C13: SAT-10-8 | D13: 22 | E13: 0 | F13: 57.878175
A14: 12 | B14: SAT-60-16 | C14: SAT-2-10 | D14: 21 | E14: 0 | F14: 56.646193
A15: 13 | B15: SAT-61-8 | C15: SAT-37-1 | D15: 32 | E15: 1 | F15: 79.195514
A16: 14 | B16: SAT-61-19 | C16: SAT-35-2 | D16: 32 | E16: 1 | F16: 80.06726
... A1001: 999 | B1001: SAT-14-12 | C1001: SAT-11-12 | D1001: 4 | E1001: 0 | F1001: 5.5721916

Sheet result0 001
A1: index | B1: source | C1: destination | D1: hops | E1: fail count | F1: delay
A2: 0 | B2: SAT-69-10 | C2: SAT-40-9 | D2: 31 | E2: 0 | F2: 63.435182
A3: 1 | B3: SAT-38-3 | C3: SAT-13-8 | D3: 31 | E3: 0 | F3: 63.647613 | I3: meann delay | J3: mean fail count | K3: mean hops
A4: 2 | B4: SAT-18-13 | C4: SAT-4-13 | D4: 15 | E4: 0 | F4: 25.414569 | I4: =AVERAGE(F:F) -> 96.509446 | J4: =AVERAGE(E:E) -> 3.424 | K4: =AVERAGE(D:D) -> 28.861
A5: 3 | B5: SAT-36-21 | C5: SAT-47-0 | D5: 13 | E5: 0 | F5: 28.137322
A6: 4 | B6: SAT-57-18 | C6: SAT-37-0 | D6: 25 | E6: 0 | F6: 53.926945
A7: 5 | B7: SAT-52-7 | C7: SAT-14-16 | D7: 44 | E7: 2 | F7: 120.8428
A8: 6 | B8: SAT-4-13 | C8: SAT-47-0 | D8: 39 | E8: 4 | F8: 111.76263
A9: 7 | B9: SAT-29-14 | C9: SAT-69-10 | D9: 37 | E9: 1 | F9: 84.333414
A10: 8 | B10: SAT-57-18 | C10: SAT-18-13 | D10: 39 | E10: 3 | F10: 92.714439
A11: 9 | B11: SAT-27-10 | C11: SAT-36-21 | D11: 21 | E11: 0 | F11: 89.882901
A12: 10 | B12: SAT-36-21 | C12: SAT-22-6 | D12: 22 | E12: 0 | F12: 63.212599
A13: 11 | B13: SAT-27-10 | C13: SAT-14-16 | D13: 20 | E13: 0 | F13: 55.41421
A14: 12 | B14: SAT-63-20 | C14: SAT-52-7 | D14: 21 | E14: 0 | F14: 72.649466
A15: 13 | B15: SAT-69-10 | C15: SAT-43-10 | D15: 27 | E15: 0 | F15: 51.005969
A16: 14 | B16: SAT-0-7 | C16: SAT-40-9 | D16: 35 | E16: 0 | F16: 57.44037
... A1001: 999 | B1001: SAT-51-2 | C1001: SAT-42-5 | D1001: 19 | E1001: 3 | F1001: 75.022738

Sheet Sheet3

Sheet DDRresult0 0011
A1: index | B1: source | C1: destination | D1: hops | E1: fail count | F1: delay
A2: 0 | B2: SAT-9-1 | C2: SAT-55-7 | D2: 33 | E2: 0 | F2: 71.446643
A3: 1 | B3: SAT-65-6 | C3: SAT-6-20 | D3: 22 | E3: 0 | F3: 68.555354 | I3: meann delay | J3: mean fail count | K3: mean hops
A4: 2 | B4: SAT-61-16 | C4: SAT-1-15 | D4: 14 | E4: 0 | F4: 21.357885 | I4: =AVERAGE(F:F) -> 91.391555 | J4: =AVERAGE(E:E) -> 2.942 | K4: =AVERAGE(D:D) -> 27.886
A5: 3 | B5: SAT-13-14 | C5: SAT-15-4 | D5: 13 | E5: 0 | F5: 68.129313
A6: 4 | B6: SAT-1-5 | C6: SAT-37-1 | D6: 41 | E6: 0 | F6: 70.640061
A7: 5 | B7: SAT-6-20 | C7: SAT-14-2 | D7: 13 | E7: 0 | F7: 40.793894
A8: 6 | B8: SAT-42-16 | C8: SAT-36-16 | D8: 31 | E8: 12 | F8: 167.21654
A9: 7 | B9: SAT-48-20 | C9: SAT-0-16 | D9: 33 | E9: 2 | F9: 91.022363
A10: 8 | B10: SAT-30-7 | C10: SAT-59-0 | D10: 37 | E10: 2 | F10: 92.474937
A11: 9 | B11: SAT-13-14 | C11: SAT-55-7 | D11: 38 | E11: 0 | F11: 94.078734
A12: 10 | B12: SAT-6-11 | C12: SAT-37-12 | D12: 33 | E12: 0 | F12: 68.956866
A13: 11 | B13: SAT-71-5 | C13: SAT-30-7 | D13: 34 | E13: 1 | F13: 51.364285
A14: 12 | B14: SAT-15-4 | C14: SAT-1-15 | D14: 26 | E14: 1 | F14: 89.496299
A15: 13 | B15: SAT-61-16 | C15: SAT-37-1 | D15: 32 | E15: 1 | F15: 75.563405
A16: 14 | B16: SAT-1-5 | C16: SAT-55-7 | D16: 21 | E16: 1 | F16: 35.331732
... A1001: 999 | B1001: SAT-27-21 | C1001: SAT-66-1 | D1001: 36 | E1001: 0 | F1001: 74.426921

Sheet result0 0012
A1: index | B1: source | C1: destination | D1: hops | E1: fail count | F1: delay
A2: 0 | B2: SAT-63-7 | C2: SAT-46-12 | D2: 23 | E2: 0 | F2: 56.344154
A3: 1 | B3: SAT-3-5 | C3: SAT-43-20 | D3: 40 | E3: 0 | F3: 85.408788 | I3: meann delay | J3: mean fail count | K3: mean hops
A4: 2 | B4: SAT-23-20 | C4: SAT-35-0 | D4: 15 | E4: 0 | F4: 34.91673 | I4: =AVERAGE(F:F) -> 83.997203 | J4: =AVERAGE(E:E) -> 2.304 | K4: =AVERAGE(D:D) -> 27.058
A5: 3 | B5: SAT-65-2 | C5: SAT-54-12 | D5: 22 | E5: 0 | F5: 79.222921
A6: 4 | B6: SAT-58-1 | C6: SAT-67-6 | D6: 15 | E6: 0 | F6: 50.480964
A7: 5 | B7: SAT-17-19 | C7: SAT-65-2 | D7: 30 | E7: 0 | F7: 71.36495
A8: 6 | B8: SAT-31-8 | C8: SAT-67-6 | D8: 39 | E8: 0 | F8: 70.932189
A9: 7 | B9: SAT-23-20 | C9: SAT-54-12 | D9: 40 | E9: 2 | F9: 102.24894
A10: 8 | B10: SAT-63-4 | C10: SAT-18-17 | D10: 43 | E10: 3 | F10: 141.7986
A11: 9 | B11: SAT-43-20 | C11: SAT-43-21 | D11: 2 | E11: 0 | F11: 6.5664066
A12: 10 | B12: SAT-70-9 | C12: SAT-12-19 | D12: 25 | E12: 0 | F12: 91.098419
A13: 11 | B13: SAT-35-0 | C13: SAT-29-14 | D13: 15 | E13: 1 | F13: 60.820402
A14: 12 | B14: SAT-67-6 | C14: SAT-63-4 | D14: 7 | E14: 0 | F14: 18.065906
A15: 13 | B15: SAT-31-8 | C15: SAT-54-12 | D15: 28 | E15: 0 | F15: 63.213031
A16: 14 | B16: SAT-17-19 | C16: SAT-33-1 | D16: 21 | E16: 0 | F16: 51.968169
... A1001: 999 | B1001: SAT-34-10 | C1001: SAT-19-9 | D1001: 17 | E1001: 0 | F1001: 36.710808

Sheet result0 0013
A1: index | B1: source | C1: destination | D1: hops | E1: fail count | F1: delay
A2: 0 | B2: SAT-46-14 | C2: SAT-14-19 | D2: 38 | E2: 0 | F2: 72.275975
A3: 1 | B3: SAT-38-2 | C3: SAT-57-20 | D3: 24 | E3: 0 | F3: 60.756828 | I3: meann delay | J3: mean fail count | K3: mean hops
A4: 2 | B4: SAT-7-9 | C4: SAT-18-8 | D4: 13 | E4: 0 | F4: 24.217747 | I4: =AVERAGE(F:F) -> 76.377061 | J4: =AVERAGE(E:E) -> 1.643 | K4: =AVERAGE(D:D) -> 26.035
A5: 3 | B5: SAT-68-5 | C5: SAT-1-6 | D5: 7 | E5: 0 | F5: 12.729523
A6: 4 | B6: SAT-10-12 | C6: SAT-46-18 | D6: 43 | E6: 0 | F6: 83.772874
A7: 5 | B7: SAT-19-6 | C7: SAT-7-9 | D7: 16 | E7: 2 | F7: 38.965679
A8: 6 | B8: SAT-0-20 | C8: SAT-6-11 | D8: 16 | E8: 2 | F8: 68.720437
A9: 7 | B9: SAT-46-18 | C9: SAT-4-3 | D9: 38 | E9: 1 | F9: 94.130993
A10: 8 | B10: SAT-38-2 | C10: SAT-10-12 | D10: 39 | E10: 3 | F10: 110.61914
A11: 9 | B11: SAT-69-4 | C11: SAT-57-20 | D11: 19 | E11: 1 | F11: 58.643995
A12: 10 | B12: SAT-60-15 | C12: SAT-4-17 | D12: 19 | E12: 0 | F12: 35.237211
A13: 11 | B13: SAT-34-14 | C13: SAT-58-13 | D13: 26 | E13: 0 | F13: 45.036606
A14: 12 | B14: SAT-14-19 | C14: SAT-60-3 | D14: 33 | E14: 0 | F14: 81.074489
A15: 13 | B15: SAT-20-1 | C15: SAT-0-20 | D15: 24 | E15: 0 | F15: 58.903438
A16: 14 | B16: SAT-14-18 | C16: SAT-10-5 | D16: 16 | E16: 1 | F16: 77.163566
... A1001: 999 | B1001: SAT-6-6 | C1001: SAT-8-8 | D1001: 5 | E1001: 1 | F1001: 16.020248

Sheet result0 0014
A1: index | B1: source | C1: destination | D1: hops | E1: fail count | F1: delay
A2: 0 | B2: SAT-4-6 | C2: SAT-42-7 | D2: 36 | E2: 0 | F2: 48.475595
A3: 1 | B3: SAT-19-14 | C3: SAT-56-4 | D3: 46 | E3: 0 | F3: 121.82742 | I3: meann delay | J3: mean fail count | K3: mean hops
A4: 2 | B4: SAT-2-12 | C4: SAT-69-12 | D4: 6 | E4: 0 | F4: 9.8049613 | I4: =AVERAGE(F:F) -> 72.913945 | J4: =AVERAGE(E:E) -> 1.311 | K4: =AVERAGE(D:D) -> 25.731
A5: 3 | B5: SAT-63-2 | C5: SAT-21-14 | D5: 41 | E5: 0 | F5: 102.64276
A6: 4 | B6: SAT-4-10 | C6: SAT-51-10 | D6: 26 | E6: 0 | F6: 49.024807
A7: 5 | B7: SAT-19-14 | C7: SAT-47-11 | D7: 32 | E7: 0 | F7: 64.605515
A8: 6 | B8: SAT-25-16 | C8: SAT-17-8 | D8: 17 | E8: 1 | F8: 63.589612
A9: 7 | B9: SAT-59-4 | C9: SAT-54-0 | D9: 10 | E9: 0 | F9: 33.177101
A10: 8 | B10: SAT-17-19 | C10: SAT-65-18 | D10: 26 | E10: 0 | F10: 45.099324
A11: 9 | B11: SAT-4-10 | C11: SAT-31-11 | D11: 29 | E11: 0 | F11: 59.52369
A12: 10 | B12: SAT-17-8 | C12: SAT-4-6 | D12: 16 | E12: 0 | F12: 34.016129
A13: 11 | B13: SAT-25-16 | C13: SAT-70-7 | D13: 37 | E13: 0 | F13: 92.361183
A14: 12 | B14: SAT-34-20 | C14: SAT-65-14 | D14: 38 | E14: 0 | F14: 77.589893
A15: 13 | B15: SAT-51-10 | C15: SAT-21-14 | D15: 35 | E15: 0 | F15: 74.353375
A16: 14 | B16: SAT-54-0 | C16: SAT-30-16 | D16: 31 | E16: 0 | F16: 87.700731
... A1001: 999 | B1001: SAT-33-4 | C1001: SAT-34-7 | D1001: 5 | E1001: 3 | F1001: 21.24942

Sheet result0 0015
A1: index | B1: source | C1: destination | D1: hops | E1: fail count | F1: delay
A2: 0 | B2: SAT-53-18 | C2: SAT-50-13 | D2: 9 | E2: 0 | F2: 36.529903
A3: 1 | B3: SAT-7-2 | C3: SAT-47-17 | D3: 40 | E3: 0 | F3: 104.05529 | I3: meann delay | J3: mean fail count | K3: mean hops
A4: 2 | B4: SAT-36-12 | C4: SAT-31-21 | D4: 15 | E4: 0 | F4: 65.260776 | I4: =AVERAGE(F:F) -> 71.64057 | J4: =AVERAGE(E:E) -> 1.175 | K4: =AVERAGE(D:D) -> 25.527
A5: 3 | B5: SAT-27-20 | C5: SAT-56-9 | D5: 41 | E5: 0 | F5: 124.87494
A6: 4 | B6: SAT-4-12 | C6: SAT-59-16 | D6: 22 | E6: 0 | F6: 47.220221
A7: 5 | B7: SAT-50-13 | C7: SAT-64-19 | D7: 21 | E7: 0 | F7: 64.803097
A8: 6 | B8: SAT-31-21 | C8: SAT-70-19 | D8: 36 | E8: 0 | F8: 77.858381
A9: 7 | B9: SAT-36-12 | C9: SAT-61-3 | D9: 35 | E9: 1 | F9: 93.655032
A10: 8 | B10: SAT-47-17 | C10: SAT-27-20 | D10: 24 | E10: 1 | F10: 47.37598
A11: 9 | B11: SAT-4-12 | C11: SAT-35-21 | D11: 41 | E11: 0 | F11: 119.87633
A12: 10 | B12: SAT-4-12 | C12: SAT-64-19 | D12: 20 | E12: 0 | F12: 60.748635
A13: 11 | B13: SAT-31-21 | C13: SAT-36-12 | D13: 15 | E13: 0 | F13: 65.257571
A14: 12 | B14: SAT-41-14 | C14: SAT-61-3 | D14: 32 | E14: 0 | F14: 104.28897
A15: 13 | B15: SAT-23-21 | C15: SAT-18-3 | D15: 10 | E15: 0 | F15: 34.280251
A16: 14 | B16: SAT-28-4 | C16: SAT-24-1 | D16: 8 | E16: 0 | F16: 25.225319
... A1001: 999 | B1001: SAT-10-19 | C1001: SAT-11-4 | D1001: 9 | E1001: 0 | F1001: 47.7343

Sheet result0 0016
A1: index | B1: source | C1: destination | D1: hops | E1: fail count | F1: delay
A2: 0 | B2: SAT-39-16 | C2: SAT-58-14 | D2: 22 | E2: 0 | F2: 36.552654
A3: 1 | B3: SAT-47-16 | C3: SAT-7-10 | D3: 39 | E3: 0 | F3: 78.842382 | I3: meann delay | J3: mean fail count | K3: mean hops
A4: 2 | B4: SAT-57-2 | C4: SAT-22-13 | D4: 47 | E4: 0 | F4: 115.37228 | I4: =AVERAGE(F:F) -> 69.185997 | J4: =AVERAGE(E:E) -> 0.971 | K4: =AVERAGE(D:D) -> 25.108
A5: 3 | B5: SAT-33-13 | C5: SAT-16-16 | D5: 21 | E5: 0 | F5: 40.653814
A6: 4 | B6: SAT-13-18 | C6: SAT-38-14 | D6: 30 | E6: 0 | F6: 57.081206
A7: 5 | B7: SAT-33-13 | C7: SAT-30-2 | D7: 15 | E7: 2 | F7: 76.381987
A8: 6 | B8: SAT-67-8 | C8: SAT-46-12 | D8: 26 | E8: 0 | F8: 59.981929
A9: 7 | B9: SAT-16-16 | C9: SAT-67-17 | D9: 25 | E9: 2 | F9: 48.759818
A10: 8 | B10: SAT-35-4 | C10: SAT-38-14 | D10: 14 | E10: 0 | F10: 69.810951
A11: 9 | B11: SAT-61-19 | C11: SAT-47-16 | D11: 18 | E11: 0 | F11: 42.176755
A12: 10 | B12: SAT-22-13 | C12: SAT-35-4 | D12: 23 | E12: 0 | F12: 75.11343
A13: 11 | B13: SAT-51-2 | C13: SAT-27-19 | D13: 30 | E13: 0 | F13: 76.365857
A14: 12 | B14: SAT-67-8 | C14: SAT-44-2 | D14: 30 | E14: 0 | F14: 76.345845
A15: 13 | B15: SAT-33-13 | C15: SAT-14-1 | D15: 30 | E15: 0 | F15: 89.071731
A16: 14 | B16: SAT-30-2 | C16: SAT-16-16 | D16: 23 | E16: 0 | F16: 77.925984
... A1001: 999 | B1001: SAT-39-0 | C1001: SAT-11-15 | D1001: 36 | E1001: 0 | F1001: 101.47425

Sheet DDRresult999 (2)
A1: index | B1: source | C1: destination | D1: hops | E1: fail count | F1: delay
A2: 0 | B2: SAT-53-10 | C2: SAT-19-2 | D2: 43 | E2: 0 | F2: 119.20499
A3: 1 | B3: SAT-58-8 | C3: SAT-15-5 | D3: 33 | E3: 0 | F3: 55.445292 | I3: meann delay | J3: mean fail count | K3: mean hops
A4: 2 | B4: SAT-36-4 | C4: SAT-35-15 | D4: 13 | E4: 0 | F4: 73.463096 | I4: =AVERAGE(F:F) -> 61.135974 | J4: =AVERAGE(E:E) -> 0 | K4: =AVERAGE(D:D) -> 23.816
A5: 3 | B5: SAT-1-0 | C5: SAT-21-16 | D5: 27 | E5: 0 | F5: 64.050903
A6: 4 | B6: SAT-47-5 | C6: SAT-40-1 | D6: 12 | E6: 0 | F6: 34.893989
A7: 5 | B7: SAT-40-1 | C7: SAT-45-17 | D7: 12 | E7: 0 | F7: 45.563175
A8: 6 | B8: SAT-3-3 | C8: SAT-39-5 | D8: 39 | E8: 0 | F8: 57.495671
A9: 7 | B9: SAT-58-8 | C9: SAT-21-17 | D9: 45 | E9: 0 | F9: 115.2915
A10: 8 | B10: SAT-1-0 | C10: SAT-19-2 | D10: 21 | E10: 0 | F10: 49.359573
A11: 9 | B11: SAT-64-15 | C11: SAT-22-0 | D11: 38 | E11: 0 | F11: 87.433693
A12: 10 | B12: SAT-3-3 | C12: SAT-15-13 | D12: 23 | E12: 0 | F12: 84.899166
A13: 11 | B13: SAT-16-1 | C13: SAT-15-7 | D13: 8 | E13: 0 | F13: 40.630422
A14: 12 | B14: SAT-46-3 | C14: SAT-70-7 | D14: 29 | E14: 0 | F14: 64.735825
A15: 13 | B15: SAT-25-20 | C15: SAT-40-11 | D15: 25 | E15: 0 | F15: 77.577395
A16: 14 | B16: SAT-40-1 | C16: SAT-15-5 | D16: 30 | E16: 0 | F16: 57.065185
... A1001: 999 | B1001: SAT-40-8 | C1001: SAT-60-8 | D1001: 21 | E1001: 0 | F1001: 35.389062

Sheet DDRresult999
A1: index | B1: source | C1: destination | D1: hops | E1: fail count | F1: delay
A2: 0 | B2: SAT-22-21 | C2: SAT-28-15 | D2: 13 | E2: 0 | F2: 46.794179
A3: 1 | B3: SAT-7-0 | C3: SAT-47-8 | D3: 41 | E3: 0 | F3: 91.975195 | I3: meann delay | J3: mean fail count | K3: mean hops
A4: 2 | B4: SAT-17-2 | C4: SAT-58-7 | D4: 37 | E4: 0 | F4: 71.043352 | I4: =AVERAGE(F:F) -> 63.27516 | J4: =AVERAGE(E:E) -> 0 | K4: =AVERAGE(D:D) -> 24.472
A5: 3 | B5: SAT-15-19 | C5: SAT-7-19 | D5: 9 | E5: 0 | F5: 12.837339
A6: 4 | B6: SAT-31-14 | C6: SAT-27-19 | D6: 10 | E6: 0 | F6: 37.762526
A7: 5 | B7: SAT-16-9 | C7: SAT-29-5 | D7: 18 | E7: 0 | F7: 42.285547
A8: 6 | B8: SAT-68-21 | C8: SAT-62-21 | D8: 7 | E8: 0 | F8: 11.768285
A9: 7 | B9: SAT-64-19 | C9: SAT-7-19 | D9: 16 | E9: 0 | F9: 24.083073
A10: 8 | B10: SAT-15-19 | C10: SAT-7-0 | D10: 12 | E10: 0 | F10: 32.543526
A11: 9 | B11: SAT-70-17 | C11: SAT-17-2 | D11: 27 | E11: 0 | F11: 69.390841
A12: 10 | B12: SAT-47-8 | C12: SAT-60-11 | D12: 17 | E12: 0 | F12: 40.582536
A13: 11 | B13: SAT-37-8 | C13: SAT-22-21 | D13: 25 | E13: 0 | F13: 83.193793
A14: 12 | B14: SAT-29-5 | C14: SAT-68-21 | D14: 40 | E14: 0 | F14: 80.053857
A15: 13 | B15: SAT-27-19 | C15: SAT-48-13 | D15: 28 | E15: 0 | F15: 65.270069
A16: 14 | B16: SAT-38-7 | C16: SAT-0-15 | D16: 43 | E16: 0 | F16: 99.608032
... A1001: 999 | B1001: SAT-52-14 | C1001: SAT-63-7 | D1001: 19 | E1001: 0 | F1001: 61.726737

Sheet DTDRresult0 0008
A1: index | B1: source | C1: destination | D1: hops | E1: fail count | F1: delay
A2: 0 | B2: SAT-17-14 | C2: SAT-19-10 | D2: 7 | E2: 0 | F2: 29.474961
A3: 1 | B3: SAT-25-18 | C3: SAT-13-0 | D3: 17 | E3: 0 | F3: 42.862418
A4: 2 | B4: SAT-1-19 | C4: SAT-2-1 | D4: 6 | E4: 0 | F4: 27.870294
A5: 3 | B5: SAT-61-10 | C5: SAT-71-2 | D5: 19 | E5: 0 | F5: 64.857485
A6: 4 | B6: SAT-62-21 | C6: SAT-41-5 | D6: 28 | E6: 0 | F6: 65.283527
A7: 5 | B7: SAT-38-21 | C7: SAT-13-0 | D7: 27 | E7: 0 | F7: 55.600928
A8: 6 | B8: SAT-10-6 | C8: SAT-13-3 | D8: 11 | E8: 4 | F8: 51.846653
A9: 7 | B9: SAT-14-19 | C9: SAT-71-2 | D9: 21 | E9: 2 | F9: 62.252746
A10: 8 | B10: SAT-3-20 | C10: SAT-10-4 | D10: 26 | E10: 6 | F10: 131.92499
A11: 9 | B11: SAT-42-18 | C11: SAT-62-21 | D11: 24 | E11: 3 | F11: 58.926837
A12: 10 | B12: SAT-70-0 | C12: SAT-25-18 | D12: 34 | E12: 1 | F12: 130.49604
A13: 11 | B13: SAT-19-10 | C13: SAT-61-7 | D13: 36 | E13: 1 | F13: 69.830232
... A167: 165 | B167: SAT-44-20 | C167: SAT-70-16 | D167: 39 | E167: 4 | F167: 129.42899
A168: 166 | B168: SAT-28-6 | C168: SAT-70-1 | D168: 36 | E168: 4 | F168: 91.253699 | I168: meann delay | J168: mean fail count | K168: mean hops
A169: 167 | B169: SAT-71-2 | C169: SAT-35-21 | D169: 40 | E169: 1 | F169: 89.805219 | I169: =AVERAGE(F:F) -> 94.208993 | J169: =AVERAGE(E:E) -> 3.59 | K169: =AVERAGE(D:D) -> 28.03
A170: 168 | B170: SAT-58-20 | C170: SAT-38-4 | D170: 37 | E170: 5 | F170: 141.82505
A171: 169 | B171: SAT-32-16 | C171: SAT-40-0 | D171: 15 | E171: 4 | F171: 53.89861
A172: 170 | B172: SAT-46-1 | C172: SAT-35-14 | D172: 25 | E172: 4 | F172: 106.77977
A173: 171 | B173: SAT-50-14 | C173: SAT-48-21 | D173: 10 | E173: 4 | F173: 49.213507
A174: 172 | B174: SAT-42-18 | C174: SAT-29-3 | D174: 21 | E174: 2 | F174: 69.869256
A175: 173 | B175: SAT-28-11 | C175: SAT-21-11 | D175: 8 | E175: 0 | F175: 14.081985
A176: 174 | B176: SAT-52-9 | C176: SAT-3-19 | D176: 36 | E176: 4 | F176: 121.0893
A177: 175 | B177: SAT-16-15 | C177: SAT-33-15 | D177: 24 | E177: 3 | F177: 72.489215
A178: 176 | B178: SAT-25-0 | C178: SAT-27-21 | D178: 4 | E178: 0 | F178: 10.51391
A179: 177 | B179: SAT-47-2 | C179: SAT-16-7 | D179: 41 | E179: 4 | F179: 116.12133
A180: 178 | B180: SAT-67-11 | C180: SAT-21-21 | D180: 37 | E180: 4 | F180: 113.49037
A181: 179 | B181: SAT-10-7 | C181: SAT-69-0 | D181: 21 | E181: 4 | F181: 71.269557
... A1001: 999 | B1001: SAT-46-10 | C1001: SAT-32-0 | D1001: 25 | E1001: 4 | F1001: 91.667627

Sheet DTDRresult0 0009
A1: index | B1: source | C1: destination | D1: hops | E1: fail count | F1: delay
A2: 0 | B2: SAT-31-21 | C2: SAT-24-14 | D2: 15 | E2: 0 | F2: 54.593209
A3: 1 | B3: SAT-48-0 | C3: SAT-41-7 | D3: 15 | E3: 0 | F3: 54.593209 | I3: meann delay | J3: mean fail count | K3: mean hops
A4: 2 | B4: SAT-7-9 | C4: SAT-58-2 | D4: 29 | E4: 0 | F4: 71.849933 | I4: =AVERAGE(F:F) -> 86.875228 | J4: =AVERAGE(E:E) -> 2.992 | K4: =AVERAGE(D:D) -> 26.83
A5: 3 | B5: SAT-36-12 | C5: SAT-28-14 | D5: 11 | E5: 0 | F5: 25.970152
A6: 4 | B6: SAT-25-14 | C6: SAT-0-19 | D6: 31 | E6: 0 | F6: 63.647613
A7: 5 | B7: SAT-48-10 | C7: SAT-14-15 | D7: 50 | E7: 5 | F7: 160.24124
A8: 6 | B8: SAT-5-5 | C8: SAT-26-9 | D8: 26 | E8: 4 | F8: 64.402329
A9: 7 | B9: SAT-41-7 | C9: SAT-41-8 | D9: 2 | E9: 0 | F9: 6.5664066
A10: 8 | B10: SAT-21-5 | C10: SAT-9-8 | D10: 18 | E10: 4 | F10: 54.624434
A11: 9 | B11: SAT-58-2 | C11: SAT-52-17 | D11: 22 | E11: 4 | F11: 109.38381
A12: 10 | B12: SAT-14-15 | C12: SAT-48-10 | D12: 40 | E12: 1 | F12: 87.331482
A13: 11 | B13: SAT-16-21 | C13: SAT-24-14 | D13: 16 | E13: 0 | F13: 55.820705
A14: 12 | B14: SAT-36-12 | C14: SAT-41-8 | D14: 12 | E14: 1 | F14: 46.321496
A15: 13 | B15: SAT-55-12 | C15: SAT-6-19 | D15: 31 | E15: 0 | F15: 74.300441
A16: 14 | B16: SAT-7-9 | C16: SAT-52-18 | D16: 37 | E16: 0 | F16: 92.361183
... A1001: 999 | B1001: SAT-36-19 | C1001: SAT-66-11 | D1001: 39 | E1001: 4 | F1001: 108.25317

Sheet DTDRresult0 001
A1: index | B1: source | C1: destination | D1: hops | E1: fail count | F1: delay
A2: 0 | B2: SAT-34-19 | C2: SAT-61-14 | D2: 33 | E2: 0 | F2: 66.112859
A3: 1 | B3: SAT-63-13 | C3: SAT-48-8 | D3: 21 | E3: 0 | F3: 56.902043 | I3: meann delay | J3: mean fail count | K3: mean hops
A4: 2 | B4: SAT-25-0 | C4: SAT-19-20 | D4: 9 | E4: 0 | F4: 24.024772 | I4: =AVERAGE(F:F) -> 81.921885 | J4: =AVERAGE(E:E) -> 2.5048 | K4: =AVERAGE(D:D) -> 26.5288
A5: 3 | B5: SAT-13-4 | C5: SAT-68-3 | D5: 19 | E5: 0 | F5: 30.078528
A6: 4 | B6: SAT-71-7 | C6: SAT-35-14 | D6: 44 | E6: 0 | F6: 95.75522
A7: 5 | B7: SAT-46-5 | C7: SAT-71-7 | D7: 32 | E7: 4 | F7: 84.799276
A8: 6 | B8: SAT-19-20 | C8: SAT-61-14 | D8: 39 | E8: 3 | F8: 106.9698
A9: 7 | B9: SAT-25-0 | C9: SAT-34-19 | D9: 15 | E9: 1 | F9: 76.147097
A10: 8 | B10: SAT-6-10 | C10: SAT-10-13 | D10: 8 | E10: 0 | F10: 26.957693
A11: 9 | B11: SAT-3-5 | C11: SAT-48-8 | D11: 33 | E11: 4 | F11: 81.864936
A12: 10 | B12: SAT-49-1 | C12: SAT-18-7 | D12: 38 | E12: 0 | F12: 77.589893
A13: 11 | B13: SAT-34-20 | C13: SAT-15-13 | D13: 27 | E13: 0 | F13: 69.372511
A14: 12 | B14: SAT-35-14 | C14: SAT-71-7 | D14: 44 | E14: 0 | F14: 95.810847
A15: 13 | B15: SAT-48-8 | C15: SAT-13-4 | D15: 40 | E15: 0 | F15: 69.385009
A16: 14 | B16: SAT-34-19 | C16: SAT-35-12 | D16: 9 | E16: 0 | F16: 47.196829
... A1251: 1249 | B1251: SAT-22-7 | C1251: SAT-52-16 | D1251: 46 | E1251: 3 | F1251: 152.69315

Sheet DTDRresult0 0011
A1: index | B1: source | C1: destination | D1: hops | E1: fail count | F1: delay
A2: 0 | B2: SAT-43-17 | C2: SAT-32-0 | D2: 17 | E2: 0 | F2: 46.390888
A3: 1 | B3: SAT-40-11 | C3: SAT-66-6 | D3: 32 | E3: 0 | F3: 64.880236 | I3: meann delay | J3: mean fail count | K3: mean hops
A4: 2 | B4: SAT-24-12 | C4: SAT-32-21 | D4: 18 | E4: 0 | F4: 68.958645 | I4: =AVERAGE(F:F) -> 78.473046 | J4: =AVERAGE(E:E) -> 2.315 | K4: =AVERAGE(D:D) -> 25.69
A5: 3 | B5: SAT-36-21 | C5: SAT-55-17 | D5: 24 | E5: 0 | F5: 49.685467
A6: 4 | B6: SAT-34-20 | C6: SAT-46-13 | D6: 20 | E6: 0 | F6: 60.756325
A7: 5 | B7: SAT-46-13 | C7: SAT-37-0 | D7: 19 | E7: 3 | F7: 73.547504
A8: 6 | B8: SAT-34-20 | C8: SAT-30-17 | D8: 14 | E8: 3 | F8: 65.512845
A9: 7 | B9: SAT-59-13 | C9: SAT-14-20 | D9: 35 | E9: 3 | F9: 89.314378
A10: 8 | B10: SAT-62-21 | C10: SAT-43-17 | D10: 30 | E10: 3 | F10: 96.136195
A11: 9 | B11: SAT-66-6 | C11: SAT-43-11 | D11: 29 | E11: 2 | F11: 69.759412
A12: 10 | B12: SAT-62-7 | C12: SAT-32-21 | D12: 39 | E12: 1 | F12: 93.976999
A13: 11 | B13: SAT-40-11 | C13: SAT-43-17 | D13: 10 | E13: 1 | F13: 43.09826
A14: 12 | B14: SAT-12-16 | C14: SAT-16-21 | D14: 10 | E14: 1 | F14: 37.765126
A15: 13 | B15: SAT-32-0 | C15: SAT-16-2 | D15: 19 | E15: 0 | F15: 42.155363
A16: 14 | B16: SAT-62-21 | C16: SAT-14-20 | D16: 26 | E16: 0 | F16: 50.168155
... A1001: 999 | B1001: SAT-47-13 | C1001: SAT-7-8 | D1001: 38 | E1001: 0 | F1001: 85.899936

Sheet DTDRresult0 0012
A1: index | B1: source | C1: destination | D1: hops | E1: fail count | F1: delay
A2: 0 | B2: SAT-40-19 | C2: SAT-8-10 | D2: 42 | E2: 0 | F2: 98.541602
A3: 1 | B3: SAT-3-17 | C3: SAT-40-18 | D3: 37 | E3: 0 | F3: 49.708218 | I3: meann delay | J3: mean fail count | K3: mean hops
A4: 2 | B4: SAT-18-17 | C4: SAT-9-14 | D4: 13 | E4: 0 | F4: 30.792829 | I4: =AVERAGE(F:F) -> 74.608845 | J4: =AVERAGE(E:E) -> 1.863 | K4: =AVERAGE(D:D) -> 25.74
A5: 3 | B5: SAT-59-18 | C5: SAT-26-5 | D5: 43 | E5: 0 | F5: 99.774225
A6: 4 | B6: SAT-11-11 | C6: SAT-46-0 | D6: 47 | E6: 0 | F6: 115.37228
A7: 5 | B7: SAT-26-5 | C7: SAT-18-17 | D7: 19 | E7: 2 | F7: 78.494436
A8: 6 | B8: SAT-70-10 | C8: SAT-3-17 | D8: 17 | E8: 3 | F8: 80.258164
A9: 7 | B9: SAT-3-15 | C9: SAT-7-8 | D9: 12 | E9: 1 | F9: 52.380031
A10: 8 | B10: SAT-48-6 | C10: SAT-40-18 | D10: 19 | E10: 2 | F10: 78.494436
A11: 9 | B11: SAT-3-3 | C11: SAT-60-4 | D11: 25 | E11: 4 | F11: 83.180733
A12: 10 | B12: SAT-35-2 | C12: SAT-33-13 | D12: 14 | E12: 1 | F12: 74.69702
A13: 11 | B13: SAT-48-6 | C13: SAT-33-1 | D13: 21 | E13: 1 | F13: 53.554906
A14: 12 | B14: SAT-54-7 | C14: SAT-16-11 | D14: 39 | E14: 1 | F14: 80.883529
A15: 13 | B15: SAT-46-0 | C15: SAT-26-5 | D15: 28 | E15: 1 | F15: 70.630312
A16: 14 | B16: SAT-59-18 | C16: SAT-7-8 | D16: 31 | E16: 1 | F16: 93.294564
... A1001: 999 | B1001: SAT-37-17 | C1001: SAT-63-16 | D1001: 34 | E1001: 3 | F1001: 89.082517

Sheet DTDRresult0 0013
A1: index | B1: source | C1: destination | D1: hops | E1: fail count | F1: delay
A2: 0 | B2: SAT-34-7 | C2: SAT-1-17 | D2: 44 | E2: 0 | F2: 106.34063
A3: 1 | B3: SAT-51-1 | C3: SAT-55-12 | D3: 16 | E3: 0 | F3: 77.160966 | I3: meann delay | J3: mean fail count | K3: mean hops
A4: 2 | B4: SAT-42-1 | C4: SAT-32-18 | D4: 16 | E4: 0 | F4: 46.662693 | I4: =AVERAGE(F:F) -> 71.90448 | J4: =AVERAGE(E:E) -> 1.591 | K4: =AVERAGE(D:D) -> 25.563
A5: 3 | B5: SAT-31-12 | C5: SAT-55-21 | D5: 34 | E5: 0 | F5: 88.680616
A6: 4 | B6: SAT-61-0 | C6: SAT-9-6 | D6: 27 | E6: 0 | F6: 64.050903
A7: 5 | B7: SAT-61-16 | C7: SAT-34-7 | D7: 37 | E7: 2 | F7: 102.40016
A8: 6 | B8: SAT-51-1 | C8: SAT-9-6 | D8: 40 | E8: 3 | F8: 107.26381
A9: 7 | B9: SAT-70-13 | C9: SAT-61-0 | D9: 19 | E9: 3 | F9: 73.547504
A10: 8 | B10: SAT-55-12 | C10: SAT-52-21 | D10: 13 | E10: 3 | F10: 63.914274
A11: 9 | B11: SAT-30-14 | C11: SAT-55-21 | D11: 33 | E11: 3 | F11: 86.103302
A12: 10 | B12: SAT-52-21 | C12: SAT-9-6 | D12: 37 | E12: 1 | F12: 81.729772
A13: 11 | B13: SAT-65-4 | C13: SAT-70-13 | D13: 15 | E13: 1 | F13: 65.264026
A14: 12 | B14: SAT-64-15 | C14: SAT-40-17 | D14: 27 | E14: 1 | F14: 42.731372
A15: 13 | B15: SAT-59-15 | C15: SAT-61-16 | D15: 6 | E15: 1 | F15: 22.165766
A16: 14 | B16: SAT-35-6 | C16: SAT-40-11 | D16: 11 | E16: 0 | F16: 38.9984
... A1001: 999 | B1001: SAT-63-18 | C1001: SAT-6-7 | D1001: 27 | E1001: 2 | F1001: 95.483469

Sheet DTDRresult0 0014
A1: index | B1: source | C1: destination | D1: hops | E1: fail count | F1: delay
A2: 0 | B2: SAT-54-17 | C2: SAT-54-5 | D2: 11 | E2: 0 | F2: 65.664066
A3: 1 | B3: SAT-33-19 | C3: SAT-45-12 | D3: 20 | E3: 0 | F3: 60.756325 | I3: meann delay | J3: mean fail count | K3: mean hops
A4: 2 | B4: SAT-6-9 | C4: SAT-9-15 | D4: 10 | E4: 0 | F4: 43.547638 | I4: =AVERAGE(F:F) -> 68.402533 | J4: =AVERAGE(E:E) -> 1.404 | K4: =AVERAGE(D:D) -> 24.819
A5: 3 | B5: SAT-48-18 | C5: SAT-10-14 | D5: 39 | E5: 0 | F5: 68.174815
A6: 4 | B6: SAT-65-18 | C6: SAT-17-10 | D6: 33 | E6: 0 | F6: 82.114209
A7: 5 | B7: SAT-33-5 | C7: SAT-48-18 | D7: 25 | E7: 1 | F7: 79.832083
A8: 6 | B8: SAT-45-12 | C8: SAT-9-15 | D8: 40 | E8: 0 | F8: 69.461836
A9: 7 | B9: SAT-71-3 | C9: SAT-33-19 | D9: 41 | E9: 0 | F9: 93.927512
A10: 8 | B10: SAT-67-17 | C10: SAT-0-6 | D10: 19 | E10: 2 | F10: 92.282476
A11: 9 | B11: SAT-45-2 | C11: SAT-6-9 | D11: 41 | E11: 2 | F11: 91.631501
A12: 10 | B12: SAT-65-18 | C12: SAT-8-6 | D12: 26 | E12: 0 | F12: 84.143802
A13: 11 | B13: SAT-0-6 | C13: SAT-47-5 | D13: 27 | E13: 0 | F13: 37.365965
A14: 12 | B14: SAT-17-14 | C14: SAT-33-5 | D14: 26 | E14: 0 | F14: 78.809377
A15: 13 | B15: SAT-9-15 | C15: SAT-54-5 | D15: 38 | E15: 0 | F15: 98.92759
A16: 14 | B16: SAT-10-14 | C16: SAT-45-12 | D16: 38 | E16: 0 | F16: 69.235187
... A1001: 999 | B1001: SAT-10-2 | C1001: SAT-27-13 | D1001: 29 | E1001: 2 | F1001: 98.583868

Sheet DTDRresult0 0015
A1: index | B1: source | C1: destination | D1: hops | E1: fail count | F1: delay
A2: 0 | B2: SAT-62-17 | C2: SAT-23-7 | D2: 44 | E2: 0 | F2: 106.34063
A3: 1 | B3: SAT-18-7 | C3: SAT-70-6 | D3: 22 | E3: 0 | F3: 31.21887 | I3: meann delay | J3: mean fail count | K3: mean hops
A4: 2 | B4: SAT-33-15 | C4: SAT-21-20 | D4: 18 | E4: 0 | F4: 47.623511 | I4: =AVERAGE(F:F) -> 67.549888 | J4: =AVERAGE(E:E) -> 1.208 | K4: =AVERAGE(D:D) -> 24.806
A5: 3 | B5: SAT-36-11 | C5: SAT-34-5 | D5: 9 | E5: 0 | F5: 41.863686
A6: 4 | B6: SAT-65-9 | C6: SAT-45-18 | D6: 30 | E6: 0 | F6: 83.750123
A7: 5 | B7: SAT-33-15 | C7: SAT-21-20 | D7: 18 | E7: 2 | F7: 49.438089
A8: 6 | B8: SAT-18-7 | C8: SAT-9-8 | D8: 11 | E8: 0 | F8: 19.020949
A9: 7 | B9: SAT-62-17 | C9: SAT-34-5 | D9: 43 | E9: 2 | F9: 130.67716
A10: 8 | B10: SAT-65-9 | C10: SAT-29-13 | D10: 41 | E10: 0 | F10: 91.591887
A11: 9 | B11: SAT-22-10 | C11: SAT-45-17 | D11: 33 | E11: 2 | F11: 90.925934
A12: 10 | B12: SAT-33-15 | C12: SAT-2-9 | D12: 38 | E12: 0 | F12: 82.225711
A13: 11 | B13: SAT-65-9 | C13: SAT-46-20 | D13: 31 | E13: 0 | F13: 95.638138
A14: 12 | B14: SAT-22-8 | C14: SAT-62-17 | D14: 42 | E14: 0 | F14: 98.521095
A15: 13 | B15: SAT-18-7 | C15: SAT-22-10 | D15: 8 | E15: 0 | F15: 25.237664
A16: 14 | B16: SAT-23-7 | C16: SAT-0-20 | D16: 33 | E16: 0 | F16: 87.433254
... A1001: 999 | B1001: SAT-10-20 | C1001: SAT-53-17 | D1001: 33 | E1001: 0 | F1001: 58.479043

Sheet DTDRresult0 0016
A1: index | B1: source | C1: destination | D1: hops | E1: fail count | F1: delay
A2: 0 | B2: SAT-8-8 | C2: SAT-25-19 | D2: 29 | E2: 0 | F2: 93.185067
A3: 1 | B3: SAT-32-9 | C3: SAT-9-10 | D3: 25 | E3: 0 | F3: 48.318913 | I3: meann delay | J3: mean fail count | K3: mean hops
A4: 2 | B4: SAT-42-20 | C4: SAT-37-14 | D4: 12 | E4: 0 | F4: 45.561556 | I4: =AVERAGE(F:F) -> 65.813903 | J4: =AVERAGE(E:E) -> 0.936 | K4: =AVERAGE(D:D) -> 24.908
A5: 3 | B5: SAT-0-3 | C5: SAT-43-4 | D5: 31 | E5: 0 | F5: 46.675319
A6: 4 | B6: SAT-18-11 | C6: SAT-8-10 | D6: 12 | E6: 0 | F6: 26.176329
A7: 5 | B7: SAT-46-9 | C7: SAT-68-11 | D7: 25 | E7: 0 | F7: 53.085549
A8: 6 | B8: SAT-43-4 | C8: SAT-20-3 | D8: 25 | E8: 0 | F8: 38.359189
A9: 7 | B9: SAT-8-8 | C9: SAT-8-10 | D9: 3 | E9: 0 | F9: 13.132813
A10: 8 | B10: SAT-41-9 | C10: SAT-12-16 | D10: 41 | E10: 2 | F10: 112.36178
A11: 9 | B11: SAT-18-11 | C11: SAT-42-10 | D11: 26 | E11: 0 | F11: 53.639547
A12: 10 | B12: SAT-18-0 | C12: SAT-37-14 | D12: 28 | E12: 0 | F12: 75.938918
A13: 11 | B13: SAT-12-21 | C13: SAT-0-3 | D13: 17 | E13: 0 | F13: 45.500726
A14: 12 | B14: SAT-46-9 | C14: SAT-31-6 | D14: 21 | E14: 1 | F14: 51.311768
A15: 13 | B15: SAT-16-3 | C15: SAT-42-10 | D15: 34 | E15: 0 | F15: 77.996388
A16: 14 | B16: SAT-41-9 | C16: SAT-68-11 | D16: 30 | E16: 0 | F16: 62.18478
... A1001: 999 | B1001: SAT-19-5 | C1001: SAT-18-2 | D1001: 5 | E1001: 2 | F1001: 21.132119

Sheet DTDRresult999
A1: index | B1: source | C1: destination | D1: hops | E1: fail count | F1: delay
A2: 0 | B2: SAT-41-18 | C2: SAT-0-17 | D2: 33 | E2: 0 | F2: 44.777725
A3: 1 | B3: SAT-11-2 | C3: SAT-31-12 | D3: 31 | E3: 0 | F3: 90.31653 | I3: meann delay | J3: mean fail count | K3: mean hops
A4: 2 | B4: SAT-34-7 | C4: SAT-29-3 | D4: 10 | E4: 0 | F4: 32.428742 | I4: =AVERAGE(F:F) -> 59.665697 | J4: =AVERAGE(E:E) -> 0 | K4: =AVERAGE(D:D) -> 23.998
A5: 3 | B5: SAT-53-13 | C5: SAT-66-4 | D5: 23 | E5: 0 | F5: 75.121761
A6: 4 | B6: SAT-29-4 | C6: SAT-12-11 | D6: 25 | E6: 0 | F6: 66.919441
A7: 5 | B7: SAT-0-17 | C7: SAT-20-12 | D7: 26 | E7: 0 | F7: 57.478065
A8: 6 | B8: SAT-48-18 | C8: SAT-53-13 | D8: 11 | E8: 0 | F8: 38.993541
A9: 7 | B9: SAT-9-1 | C9: SAT-56-19 | D9: 30 | E9: 0 | F9: 66.404082
A10: 8 | B10: SAT-52-11 | C10: SAT-56-0 | D10: 16 | E10: 0 | F10: 77.159679
A11: 9 | B11: SAT-41-18 | C11: SAT-29-4 | D11: 21 | E11: 0 | F11: 69.118792
A12: 10 | B12: SAT-68-1 | C12: SAT-24-14 | D12: 38 | E12: 0 | F12: 93.593166
A13: 11 | B13: SAT-47-18 | C13: SAT-45-1 | D13: 8 | E13: 0 | F13: 35.601255
A14: 12 | B14: SAT-0-17 | C14: SAT-70-3 | D14: 11 | E14: 0 | F14: 54.9978
A15: 13 | B15: SAT-34-7 | C15: SAT-56-19 | D15: 33 | E15: 0 | F15: 92.767678
A16: 14 | B16: SAT-31-12 | C16: SAT-15-4 | D16: 25 | E16: 0 | F16: 72.242971
... A1001: 999 | B1001: SAT-28-5 | C1001: SAT-3-19 | D1001: 34 | E1001: 0 | F1001: 82.959802

Sheet Sheet1
F5: 8 | G5: 9 | H5: 10 | I5: 11 | J5: 12 | K5: 13 | L5: 14 | M5: 15 | N5: 16
E6: DDR | F6: =AVERAGE('result0 0008'!F:F) -> 134.19967 | G6: =AVERAGE('result0 0009'!F:F) -> 110.75189 | H6: =AVERAGE('result0 001'!$F:$F) -> 96.509446 | I6: =AVERAGE('DDRresult0 0011'!$F:$F) -> 91.391555 | J6: =AVERAGE('result0 0012'!$F:$F) -> 83.997203 | K6: =AVERAGE('result0 0013'!$F:$F) -> 76.377061 | L6: =AVERAGE('result0 0014'!$F:$F) -> 72.913945 | M6: =AVERAGE('result0 0015'!$F:$F) -> 71.64057 | N6: =AVERAGE('result0 0016'!$F:$F) -> 69.185997
E7: DDR (w/o PAT) | F7: =DDRresult999!$I$4 -> 63.27516 | G7: =DDRresult999!$I$4 -> 63.27516 | H7: =DDRresult999!$I$4 -> 63.27516 | I7: =DDRresult999!$I$4 -> 63.27516 | J7: =DDRresult999!$I$4 -> 63.27516 | K7: =DDRresult999!$I$4 -> 63.27516 | L7: =DDRresult999!$I$4 -> 63.27516 | M7: =DDRresult999!$I$4 -> 63.27516 | N7: =DDRresult999!$I$4 -> 63.27516
E8: DTDR | F8: =AVERAGE('DTDRresult0 0008'!$F:$F) -> 94.208993 | G8: =AVERAGE('DTDRresult0 0009'!$F:$F) -> 86.875228 | H8: =AVERAGE('DTDRresult0 001'!$F:$F) -> 81.921885 | I8: =AVERAGE('DTDRresult0 0011'!$F:$F) -> 78.473046 | J8: =AVERAGE('DTDRresult0 0012'!$F:$F) -> 74.608845 | K8: =AVERAGE('DTDRresult0 0013'!$F:$F) -> 71.90448 | L8: =AVERAGE('DTDRresult0 0014'!$F:$F) -> 68.402533 | M8: =AVERAGE('DTDRresult0 0015'!$F:$F) -> 67.549888 | N8: =AVERAGE('DTDRresult0 0016'!$F:$F) -> 65.813903
E9: NO PAT | F9: =DTDRresult999!$I$4 -> 59.665697 | G9: =DTDRresult999!$I$4 -> 59.665697 | H9: =DTDRresult999!$I$4 -> 59.665697 | I9: =DTDRresult999!$I$4 -> 59.665697 | J9: =DTDRresult999!$I$4 -> 59.665697 | K9: =DTDRresult999!$I$4 -> 59.665697 | L9: =DTDRresult999!$I$4 -> 59.665697 | M9: =DTDRresult999!$I$4 -> 59.665697 | N9: =DTDRresult999!$I$4 -> 59.665697
